"driver_id";"driver_location";"No_of_trips";"Ratings"
1;"15.40198,74.00256";2;3
2;"15.47243,73.81372";4;3
3;"15.59716,73.78864";4;4
4;"15.40216,74.01953";1;3
